{"cameraMode":{"drawMode":0,"name":"Shaded","section":"Shading Mode"},"sceneLighting":false,"audioPlay":false,"sceneViewState":{"showFog":false,"showMaterialUpdate":false,"showSkybox":false,"showFlares":false,"showImageEffects":false,"showParticleSystems":true},"in2DMode":false,"pivot":{"x":-0.04903580993413925,"y":-7.60529088973999,"z":9.950472831726075},"rotation":{"x":-0.2626885175704956,"y":0.0020234850235283376,"z":-0.0005509904003702104,"w":-0.9648721814155579},"size":21.734046936035158,"orthographic":false}